facility_id,facility_name,source_facility_id,occupancy,remaining,capacity,occupancy_pct,observed_at,source_updated_at,source
mccomas,McComas Hall,232d714e-5b3e-4b0d-9936-e6a738150ec4,0,600,600,0.0,2026-09-20T07:10:26.294177+00:00,,vt_recsports
war_memorial,War Memorial Hall,55069633-b56e-43b7-a68a-64d79364988d,0,1200,1200,0.0,2026-09-20T07:10:26.395137+00:00,,vt_recsports
mccomas,McComas Hall,232d714e-5b3e-4b0d-9936-e6a738150ec4,0,600,600,0.0,2026-09-20T07:15:33.094701+00:00,,vt_recsports
war_memorial,War Memorial Hall,55069633-b56e-43b7-a68a-64d79364988d,0,1200,1200,0.0,2026-09-20T07:15:33.251569+00:00,,vt_recsports
mccomas,McComas Hall,232d714e-5b3e-4b0d-9936-e6a738150ec4,0,600,600,0.0,2026-09-20T07:20:28.078780+00:00,,vt_recsports
war_memorial,War Memorial Hall,55069633-b56e-43b7-a68a-64d79364988d,0,1200,1200,0.0,2026-09-20T07:20:28.198211+00:00,,vt_recsports
mccomas,McComas Hall,232d714e-5b3e-4b0d-9936-e6a738150ec4,0,600,600,0.0,2026-09-20T07:40:30.274603+00:00,,vt_recsports
war_memorial,War Memorial Hall,55069633-b56e-43b7-a68a-64d79364988d,0,1200,1200,0.0,2026-09-20T07:40:30.468084+00:00,,vt_recsports
mccomas,McComas Hall,232d714e-5b3e-4b0d-9936-e6a738150ec4,0,600,600,0.0,2026-09-20T07:45:27.064718+00:00,,vt_recsports
war_memorial,War Memorial Hall,55069633-b56e-43b7-a68a-64d79364988d,0,1200,1200,0.0,2026-09-20T07:45:27.216565+00:00,,vt_recsports
mccomas,McComas Hall,232d714e-5b3e-4b0d-9936-e6a738150ec4,0,600,600,0.0,2026-09-20T08:25:29.264290+00:00,,vt_recsports
war_memorial,War Memorial Hall,55069633-b56e-43b7-a68a-64d79364988d,0,1200,1200,0.0,2026-09-20T08:25:29.348078+00:00,,vt_recsports
mccomas,McComas Hall,232d714e-5b3e-4b0d-9936-e6a738150ec4,0,600,600,0.0,2026-09-20T08:35:27.919417+00:00,,vt_recsports
war_memorial,War Memorial Hall,55069633-b56e-43b7-a68a-64d79364988d,0,1200,1200,0.0,2026-09-20T08:35:28.048358+00:00,,vt_recsports
mccomas,McComas Hall,232d714e-5b3e-4b0d-9936-e6a738150ec4,0,600,600,0.0,2026-09-20T08:40:30.649313+00:00,,vt_recsports
war_memorial,War Memorial Hall,55069633-b56e-43b7-a68a-64d79364988d,0,1200,1200,0.0,2026-09-20T08:40:30.841466+00:00,,vt_recsports
mccomas,McComas Hall,232d714e-5b3e-4b0d-9936-e6a738150ec4,0,600,600,0.0,2026-09-20T08:50:29.700675+00:00,,vt_recsports
war_memorial,War Memorial Hall,55069633-b56e-43b7-a68a-64d79364988d,0,1200,1200,0.0,2026-09-20T08:50:29.776327+00:00,,vt_recsports
mccomas,McComas Hall,232d714e-5b3e-4b0d-9936-e6a738150ec4,0,600,600,0.0,2026-09-20T09:00:26.574335+00:00,,vt_recsports
war_memorial,War Memorial Hall,55069633-b56e-43b7-a68a-64d79364988d,0,1200,1200,0.0,2026-09-20T09:00:26.600196+00:00,,vt_recsports
mccomas,McComas Hall,232d714e-5b3e-4b0d-9936-e6a738150ec4,0,600,600,0.0,2026-09-20T09:45:36.477711+00:00,,vt_recsports
war_memorial,War Memorial Hall,55069633-b56e-43b7-a68a-64d79364988d,0,1200,1200,0.0,2026-09-20T09:45:36.703364+00:00,,vt_recsports
mccomas,McComas Hall,232d714e-5b3e-4b0d-9936-e6a738150ec4,0,600,600,0.0,2026-09-20T09:50:30.047964+00:00,,vt_recsports
war_memorial,War Memorial Hall,55069633-b56e-43b7-a68a-64d79364988d,0,1200,1200,0.0,2026-09-20T09:50:30.085461+00:00,,vt_recsports
mccomas,McComas Hall,232d714e-5b3e-4b0d-9936-e6a738150ec4,0,600,600,0.0,2026-09-20T09:55:27.705087+00:00,,vt_recsports
war_memorial,War Memorial Hall,55069633-b56e-43b7-a68a-64d79364988d,0,1200,1200,0.0,2026-09-20T09:55:27.733900+00:00,,vt_recsports
mccomas,McComas Hall,232d714e-5b3e-4b0d-9936-e6a738150ec4,0,600,600,0.0,2026-09-20T10:30:30.259703+00:00,,vt_recsports
war_memorial,War Memorial Hall,55069633-b56e-43b7-a68a-64d79364988d,0,1200,1200,0.0,2026-09-20T10:30:30.341297+00:00,,vt_recsports
mccomas,McComas Hall,232d714e-5b3e-4b0d-9936-e6a738150ec4,0,600,600,0.0,2026-09-20T10:35:29.149593+00:00,,vt_recsports
war_memorial,War Memorial Hall,55069633-b56e-43b7-a68a-64d79364988d,0,1200,1200,0.0,2026-09-20T10:35:29.261523+00:00,,vt_recsports
mccomas,McComas Hall,232d714e-5b3e-4b0d-9936-e6a738150ec4,0,600,600,0.0,2026-09-20T11:00:29.677783+00:00,,vt_recsports
war_memorial,War Memorial Hall,55069633-b56e-43b7-a68a-64d79364988d,0,1200,1200,0.0,2026-09-20T11:00:29.726633+00:00,,vt_recsports
mccomas,McComas Hall,232d714e-5b3e-4b0d-9936-e6a738150ec4,0,600,600,0.0,2026-09-20T11:05:28.603769+00:00,,vt_recsports
war_memorial,War Memorial Hall,55069633-b56e-43b7-a68a-64d79364988d,0,1200,1200,0.0,2026-09-20T11:05:28.815280+00:00,,vt_recsports
mccomas,McComas Hall,232d714e-5b3e-4b0d-9936-e6a738150ec4,0,600,600,0.0,2026-09-20T11:12:55.173762+00:00,,vt_recsports
war_memorial,War Memorial Hall,55069633-b56e-43b7-a68a-64d79364988d,0,1200,1200,0.0,2026-09-20T11:12:55.328522+00:00,,vt_recsports
mccomas,McComas Hall,232d714e-5b3e-4b0d-9936-e6a738150ec4,0,600,600,0.0,2026-09-20T11:15:36.276287+00:00,,vt_recsports
war_memorial,War Memorial Hall,55069633-b56e-43b7-a68a-64d79364988d,0,1200,1200,0.0,2026-09-20T11:15:36.355361+00:00,,vt_recsports
